transaction_id,sender_account,receiver_account,amount,currency,timestamp,transaction_type,location,device_type,is_fraud
TXN-62DCF5408372,ACC-68388B2BFBB7,ACC-73338483195C,2154.77,EUR,2025-03-10T02:17:38.000272,withdrawal,Hong Kong,tablet,False
TXN-8E4622448E5C,ACC-D8D4B325BA65,ACC-82A00B8895F7,2485.67,INR,2025-03-11T04:39:50.495285,deposit,Seoul,tablet,False
TXN-C5DE0C1B2D11,ACC-9569D0D6B0A9,ACC-295D54B6E2F6,2665.47,INR,2025-03-11T22:03:44.568170,payment,Dubai,desktop,False
TXN-32465E399DBA,ACC-65B7A1D7D54C,ACC-7DE8470BFFF6,2313.48,CAD,2025-03-12T06:54:30.923310,deposit,Singapore,tablet,False
TXN-D2BB48FE6457,ACC-5A345063FF84,ACC-A7300C11CB03,3105.88,USD,2025-03-12T15:56:06.680743,purchase,Hong Kong,tablet,False
TXN-E51F70B39661,ACC-B1D6D98EA657,ACC-E9B284A64F1D,2394.75,USD,2025-03-13T07:49:17.356553,refund,Hong Kong,tablet,False
TXN-16DEC22216F1,ACC-C012AB9FC96A,ACC-B14C99796F1B,2683.15,EUR,2025-03-13T13:24:08.245626,deposit,Seoul,tablet,False
TXN-27FD2312E455,ACC-39BB58F9B5A5,ACC-0A7B3213D452,2673.09,EUR,2025-03-13T15:31:44.932955,purchase,Tokyo,desktop,False
TXN-607E1D615AFE,ACC-598F42B0A663,ACC-5BAE6F54A299,3273.23,CAD,2025-03-15T20:01:26.576783,withdrawal,Seoul,tablet,False
TXN-2189B229F07F,ACC-A46CF3C33574,ACC-157366500E6E,2112.17,INR,2025-03-16T17:38:39.147971,purchase,Hong Kong,tablet,False
TXN-31E299AFCED7,ACC-F4A1C77F9145,ACC-187D2C839C3E,3309.91,GBP,2025-03-16T18:30:10.617115,withdrawal,Toronto,desktop,False
TXN-CBE0343F5CAE,ACC-9F63507BBA39,ACC-42511A54BC33,2178.99,USD,2025-03-17T17:57:36.232341,payment,Chicago,tablet,False
TXN-7ECCE21E492F,ACC-137498F057B4,ACC-1C5C7E87DADF,2391.54,INR,2025-03-19T16:11:52.730528,payment,Chicago,tablet,False
TXN-BE1EFD4FF32A,ACC-1460F4A366EF,ACC-C7F037F1B7F7,2395.13,INR,2025-03-20T20:40:31.637501,purchase,Berlin,tablet,False
TXN-B4A0B193CDD0,ACC-E9D1445E7EB0,ACC-DAC3D7D2CE30,2896.03,GBP,2025-03-21T03:21:53.835805,deposit,Mumbai,tablet,False
TXN-C78E424EB3EC,ACC-B1D6D98EA657,ACC-58D449DA1FB9,2389.13,JPY,2025-03-21T20:47:08.750708,deposit,São Paulo,tablet,False
TXN-C1FE7AF1911F,ACC-B6BEDFAE7BF1,ACC-F4A1C77F9145,2333.49,INR,2025-03-22T05:27:17.160336,deposit,Berlin,tablet,False
TXN-4BA9F2645440,ACC-08AE64550B97,ACC-57E7B8B3F24B,2885.54,EUR,2025-03-22T23:04:34.557961,deposit,Berlin,tablet,False
TXN-5CC54C3CFC44,ACC-76BEEED0F7BA,ACC-7DE8470BFFF6,2751.52,EUR,2025-03-23T05:49:43.692029,deposit,Paris,tablet,False
TXN-C29AFC599B98,ACC-7D6C9E73388F,ACC-157366500E6E,2685.02,INR,2025-03-23T19:10:45.036024,transfer,Singapore,tablet,False
TXN-651EB4B0FF93,ACC-3B678A0B56BD,ACC-F7D04267502F,2784.33,AUD,2025-03-24T01:21:17.340610,payment,Singapore,tablet,False
TXN-D239182CD5E6,ACC-5AAE64595A74,ACC-1460F4A366EF,2559.7,AUD,2025-03-24T13:45:21.066517,withdrawal,Hong Kong,tablet,False
TXN-6560E2B304AA,ACC-25E39AD3B2C7,ACC-63BA6A231AFF,2706.84,EUR,2025-03-26T15:32:19.524709,refund,San Francisco,tablet,False
TXN-89CA36404CE3,ACC-02A8727EE804,ACC-AA41550852D8,2042.3,JPY,2025-03-27T04:04:30.120509,payment,Hong Kong,desktop,False
TXN-CD92A97825F2,ACC-C75B8AC84BBD,ACC-75CC851B7571,3392.02,CAD,2025-03-27T18:11:08.595433,payment,Dubai,desktop,False
TXN-EA415B343CE1,ACC-BE5A7F8ED837,ACC-9CB004C3F622,2287.96,AUD,2025-03-28T06:18:36.407757,refund,Chicago,tablet,False
TXN-0C33B9F1DCCA,ACC-1A0445D0FB59,ACC-68388B2BFBB7,2361.98,CAD,2025-03-29T03:11:02.833180,withdrawal,San Francisco,tablet,False
TXN-6A5AC072BC05,ACC-21B04A63607B,ACC-BE5A7F8ED837,2131.46,INR,2025-03-29T08:24:46.635928,deposit,Paris,tablet,False
TXN-30FF5D71C6A3,ACC-A671FC1F73CD,ACC-C844A39631A8,2921.24,USD,2025-03-30T12:19:00.878248,transfer,London,tablet,False
TXN-576854855451,ACC-AD1E15601456,ACC-ABEB40DAABA8,2187.0,AUD,2025-03-30T22:37:03.098054,refund,São Paulo,tablet,False
TXN-8726A9DC2FB2,ACC-85D90ACB734C,ACC-DDE6B9335EE6,2707.54,INR,2025-04-02T21:55:19.937168,purchase,São Paulo,tablet,False
TXN-1D32BBBFACCE,ACC-82A00B8895F7,ACC-B14C99796F1B,2926.42,GBP,2025-04-03T07:26:28.110111,withdrawal,Singapore,tablet,False
TXN-D692BE9B91DF,ACC-E7549B4329A3,ACC-87C3CDC2B865,2095.12,JPY,2025-04-03T09:25:59.015534,refund,Mumbai,tablet,False
TXN-2DACA12DEB0F,ACC-C75B8AC84BBD,ACC-AA41550852D8,2359.16,CAD,2025-04-03T10:44:39.683744,refund,Seoul,desktop,False
TXN-07484D5A43F3,ACC-C3CB8B26F521,ACC-58D449DA1FB9,2243.16,CAD,2025-04-03T23:59:29.552180,transfer,Singapore,tablet,False
TXN-328F01A33150,ACC-E7549B4329A3,ACC-39BB58F9B5A5,2599.32,CAD,2025-04-05T10:11:19.075097,withdrawal,Chicago,tablet,False
TXN-4056CE53D85A,ACC-19293BB8E0A1,ACC-A66169601F60,2244.08,JPY,2025-04-05T11:09:06.836156,purchase,Singapore,tablet,False
TXN-AD86CB3CAB99,ACC-598F42B0A663,ACC-39BB58F9B5A5,2678.31,CAD,2025-04-06T00:16:49.461416,deposit,Singapore,desktop,False
TXN-2512CBDBE381,ACC-C3CB8B26F521,ACC-29F7FAF12305,2000.44,JPY,2025-04-07T06:05:35.412460,withdrawal,San Francisco,tablet,False
TXN-E639FF979318,ACC-2DDB04353BC3,ACC-29F7FAF12305,2416.92,JPY,2025-04-08T00:12:36.678528,withdrawal,Paris,desktop,False
TXN-972799F99D42,ACC-1C5C7E87DADF,ACC-DDE6B9335EE6,2919.92,INR,2025-04-08T18:42:41.326661,purchase,Seoul,tablet,False
TXN-CA3D20ACF104,ACC-1A0445D0FB59,ACC-7DE8470BFFF6,2741.97,JPY,2025-04-09T12:43:33.506980,transfer,Singapore,tablet,False
TXN-A3903C47BDCD,ACC-AA41550852D8,ACC-C844A39631A8,3108.13,JPY,2025-04-09T18:51:54.941521,refund,Toronto,tablet,False
TXN-0A5AB0F65EAC,ACC-CE060CFA13D9,ACC-2DDB04353BC3,1678.84,USD,2025-04-09T23:26:36.070955,deposit,San Francisco,tablet,False
TXN-B700AED3C156,ACC-F7D04267502F,ACC-7DE8470BFFF6,2281.62,AUD,2025-04-10T06:29:42.095040,purchase,New York,tablet,False
TXN-065E72060553,ACC-1C5C7E87DADF,ACC-2BC6B7554D17,2825.36,CAD,2025-04-10T09:18:05.657055,withdrawal,Mumbai,tablet,False
TXN-532B997934E6,ACC-3B678A0B56BD,ACC-19293BB8E0A1,2091.88,EUR,2025-04-11T18:57:25.732564,payment,Toronto,tablet,False
TXN-0F65C5D6C57F,ACC-02A8727EE804,ACC-57E7B8B3F24B,2331.31,INR,2025-04-12T07:29:30.408454,purchase,Dubai,tablet,False
TXN-D5FA962A22D9,ACC-D8D4B325BA65,ACC-E9D1445E7EB0,2254.22,AUD,2025-04-12T16:55:51.487551,purchase,Chicago,tablet,False
TXN-0DA24EB36FD4,ACC-091935AF16F1,ACC-5BAE6F54A299,2354.94,EUR,2025-04-13T08:22:59.422213,refund,Chicago,tablet,False
TXN-2F3723A0A071,ACC-7D6C9E73388F,ACC-0EE0C4936D8F,3352.48,INR,2025-04-14T19:52:46.588219,withdrawal,Mumbai,tablet,False
TXN-9CD4CAD13C35,ACC-77BA4A4B76E5,ACC-C1B64F0CCD73,2688.24,AUD,2025-04-15T19:30:29.365550,deposit,Berlin,tablet,False
TXN-F57A4F0EC895,ACC-444B61D23EC5,ACC-CDCEE5012D59,1600.23,AUD,2025-04-16T02:40:47.215678,refund,Singapore,tablet,False
TXN-1446729DF334,ACC-A7300C11CB03,ACC-AD1E15601456,2387.62,JPY,2025-04-16T07:37:58.944659,refund,Chicago,tablet,False
TXN-7FB560FCDDAF,ACC-541F7D4B0C73,ACC-F7D04267502F,2448.03,INR,2025-04-17T01:23:10.608020,deposit,Paris,tablet,False
TXN-E4A0998D1D09,ACC-BC833AB3E5AC,ACC-B76FBC922971,1799.47,GBP,2025-04-17T03:22:34.374047,payment,Hong Kong,tablet,False
TXN-79712DAB58D9,ACC-E7549B4329A3,ACC-541F7D4B0C73,2809.62,GBP,2025-04-18T03:14:30.420966,withdrawal,New York,desktop,False
TXN-CEB3CADF8863,ACC-75CC851B7571,ACC-CAC724B991AC,2213.4,CAD,2025-04-18T18:06:33.531797,transfer,Toronto,tablet,False
TXN-E47893F062FB,ACC-1460F4A366EF,ACC-5BAE6F54A299,2438.16,EUR,2025-04-18T19:18:53.493472,deposit,São Paulo,tablet,False
TXN-B8A1937D5967,ACC-68388B2BFBB7,ACC-25E39AD3B2C7,2158.64,AUD,2025-04-19T04:51:44.380163,payment,Dubai,desktop,False
TXN-229D11E562E7,ACC-58D449DA1FB9,ACC-E9D1445E7EB0,2312.25,CAD,2025-04-19T16:08:32.348481,withdrawal,Sydney,desktop,False
TXN-ABE945AB6E98,ACC-0C7A27097101,ACC-B69B305D23D3,2283.89,CAD,2025-04-21T06:20:59.809879,transfer,San Francisco,tablet,False
TXN-72904202B13C,ACC-1A0445D0FB59,ACC-46F955B0195C,3138.53,JPY,2025-04-21T12:59:30.197798,deposit,Toronto,desktop,False
TXN-22E4A6C427CB,ACC-598F42B0A663,ACC-C844A39631A8,2391.86,INR,2025-04-22T10:14:43.740088,deposit,Berlin,tablet,False
TXN-70A4E6A95353,ACC-46F955B0195C,ACC-B1D6D98EA657,1874.2,USD,2025-04-24T11:04:36.498343,refund,Tokyo,tablet,False
TXN-D490DB6B2416,ACC-D50618B0F5A0,ACC-85D18CCEBD99,2710.12,JPY,2025-04-24T16:25:30.018031,refund,Singapore,tablet,False
TXN-C8C45FC9D504,ACC-3A82C2094B3D,ACC-541F7D4B0C73,3236.18,INR,2025-04-24T19:29:01.750572,purchase,Singapore,desktop,False
TXN-7B24D5BB9593,ACC-5FAFD55CEC01,ACC-5A345063FF84,1930.43,GBP,2025-04-25T00:55:21.805317,withdrawal,Hong Kong,tablet,False
TXN-720CBC3DA642,ACC-46F955B0195C,ACC-AD1E15601456,2225.25,INR,2025-04-25T01:17:21.712666,refund,Seoul,tablet,False
TXN-2BF3C8166790,ACC-75CC851B7571,ACC-26A9A0FB1F2F,2213.28,INR,2025-04-25T11:46:00.835608,deposit,Dubai,desktop,False
TXN-7DD3AC6BCD41,ACC-2FFC1CA4D812,ACC-AA41550852D8,3041.91,USD,2025-04-25T22:25:47.445119,payment,São Paulo,desktop,False
TXN-41A856A1C0F8,ACC-42511A54BC33,ACC-76BEEED0F7BA,2357.13,AUD,2025-04-26T09:57:47.778056,deposit,Berlin,tablet,False
TXN-E901E4BBFA19,ACC-4FF95E620F96,ACC-298893F22D66,2608.01,CAD,2025-04-26T21:49:03.136307,payment,Toronto,tablet,False
TXN-3E3858202C1C,ACC-8568DDA467D3,ACC-C7F037F1B7F7,4155.06,GBP,2025-04-27T02:19:25.867636,refund,Paris,tablet,False
TXN-436593736621,ACC-ECFA981847BA,ACC-C3CB8B26F521,2524.43,CAD,2025-04-27T11:33:14.981096,deposit,Singapore,desktop,False
TXN-33058CA58ACB,ACC-0EE0C4936D8F,ACC-63BA6A231AFF,2565.75,CAD,2025-04-27T13:04:30.060679,payment,Dubai,tablet,False
TXN-0006919D60FE,ACC-5FAFD55CEC01,ACC-85D18CCEBD99,2591.28,AUD,2025-04-28T02:20:17.631092,payment,Paris,desktop,False
TXN-294043BEF954,ACC-1C9C110D3A8B,ACC-C844A39631A8,2487.91,CAD,2025-04-30T13:16:18.018937,payment,Dubai,tablet,False
TXN-A23DB6109B37,ACC-3B6F85E91B4F,ACC-B1D6D98EA657,2366.26,JPY,2025-05-01T03:47:28.965487,transfer,Hong Kong,tablet,False
TXN-8026C6B45726,ACC-091935AF16F1,ACC-71C0AD57EA41,2329.46,AUD,2025-05-01T23:17:08.889283,withdrawal,Berlin,tablet,False
TXN-3A8CA68713C2,ACC-2BC6B7554D17,ACC-56387661A9EE,2857.76,USD,2025-05-02T18:28:19.688080,payment,New York,tablet,False
TXN-4501FC493375,ACC-A66169601F60,ACC-1812DD4FF814,2851.02,AUD,2025-05-03T18:03:23.823789,deposit,Chicago,desktop,False
TXN-AA7FA8E09D54,ACC-C012AB9FC96A,ACC-DEC77EA556B8,1916.35,AUD,2025-05-04T12:23:16.239787,purchase,London,desktop,False
TXN-A66126D7E97F,ACC-25E39AD3B2C7,ACC-42DA44FA5EB6,2112.81,USD,2025-05-04T14:06:53.048335,refund,Singapore,tablet,False
TXN-51DFE4AB0D85,ACC-68388B2BFBB7,ACC-D50618B0F5A0,1629.48,JPY,2025-05-05T02:19:18.707587,deposit,New York,desktop,False
TXN-C076EAD1447A,ACC-85D90ACB734C,ACC-82A00B8895F7,2764.59,GBP,2025-05-05T17:04:32.297803,purchase,Seoul,tablet,False
TXN-5F3A2507BF94,ACC-23A77D97A485,ACC-42DA44FA5EB6,2485.98,AUD,2025-05-06T11:36:41.377489,purchase,Hong Kong,desktop,False
TXN-384AFB6D0F5D,ACC-85D90ACB734C,ACC-5F17267FCEAE,2911.03,AUD,2025-05-07T09:49:13.840709,payment,São Paulo,tablet,False
TXN-9FF4BFC73AC0,ACC-DDE6B9335EE6,ACC-1A0445D0FB59,2523.52,EUR,2025-05-08T06:39:59.859266,withdrawal,Singapore,desktop,False
TXN-FD427DF210F5,ACC-F6BDDC7E7E73,ACC-77BA4A4B76E5,2940.77,CAD,2025-05-13T05:53:19.620004,transfer,Dubai,tablet,False
TXN-B24831F0472A,ACC-DDE6B9335EE6,ACC-BE5A7F8ED837,2521.4,JPY,2025-05-13T07:30:53.715677,deposit,Paris,tablet,False
TXN-5D4BE2145F48,ACC-D8D4B325BA65,ACC-23A77D97A485,2415.48,CAD,2025-05-14T11:33:07.909221,transfer,Mumbai,tablet,False
TXN-CB40544076B7,ACC-9FCC8BC90DA7,ACC-5A345063FF84,1936.19,GBP,2025-05-14T22:27:43.175189,refund,Tokyo,desktop,False
TXN-CD16A9A2EDF6,ACC-26A9A0FB1F2F,ACC-1B7A3DB37A35,2806.71,CAD,2025-05-15T14:56:02.670817,purchase,Chicago,desktop,False
TXN-1A2A3E6A98C5,ACC-C688DD470D56,ACC-295D54B6E2F6,3054.82,INR,2025-05-15T18:17:58.180435,purchase,Tokyo,tablet,False
TXN-5340B9779D67,ACC-3BA0958A5893,ACC-77BA4A4B76E5,1881.24,EUR,2025-05-19T08:51:28.467124,deposit,Sydney,desktop,False
TXN-09B2B2AFCEE4,ACC-9E6813D61AD8,ACC-56387661A9EE,1734.4,GBP,2025-05-19T22:00:11.507847,payment,Singapore,tablet,False
TXN-37A478A6EDA4,ACC-7DE8470BFFF6,ACC-0C7A27097101,2575.43,GBP,2025-05-20T16:22:22.597777,transfer,Paris,desktop,False
TXN-F54280F3CD2F,ACC-541F7D4B0C73,ACC-F7D04267502F,3084.31,EUR,2025-05-21T23:17:01.695333,purchase,Tokyo,desktop,False
TXN-8F0AA73BF81B,ACC-444B61D23EC5,ACC-7DE8470BFFF6,2494.99,JPY,2025-05-24T06:04:22.702144,payment,Sydney,tablet,False
TXN-D8AE5FA1BDE1,ACC-23A77D97A485,ACC-F6BDDC7E7E73,2129.84,EUR,2025-05-25T12:55:57.154890,payment,New York,tablet,False
TXN-D87A27FC5101,ACC-AD1E15601456,ACC-6F122E0700FA,2115.29,AUD,2025-05-25T21:40:22.660957,transfer,New York,desktop,False
TXN-DF99884BB7BF,ACC-42DA44FA5EB6,ACC-D50618B0F5A0,2287.65,CAD,2025-05-26T22:01:59.039397,deposit,Paris,desktop,False
TXN-84BF6FEF2A56,ACC-0E5BDDDD9B88,ACC-F2A545DE21EA,3004.02,EUR,2025-05-27T06:25:02.111406,refund,London,tablet,False
TXN-CD266A1303FB,ACC-3BA0958A5893,ACC-6C91C42C05F4,3092.98,INR,2025-05-27T07:39:53.446521,purchase,Hong Kong,tablet,False
TXN-B7B47702854A,ACC-7DE8470BFFF6,ACC-87C3CDC2B865,2564.87,AUD,2025-05-27T19:07:56.552353,purchase,Singapore,tablet,False
TXN-0CDCADC5E3F1,ACC-CDCEE5012D59,ACC-E96EAE3C9E0A,1949.1,JPY,2025-05-28T14:56:33.984930,purchase,Sydney,tablet,False
TXN-372E7BE06234,ACC-5AAE64595A74,ACC-C7F037F1B7F7,2424.79,EUR,2025-05-29T11:53:58.987361,deposit,Berlin,tablet,False
TXN-605BC6BA91CF,ACC-F9AC92C85C3D,ACC-0E5BDDDD9B88,1792.33,AUD,2025-05-30T21:27:07.467452,payment,Seoul,tablet,False
TXN-F096DA551B25,ACC-85D90ACB734C,ACC-AA41550852D8,3185.59,JPY,2025-05-31T21:13:01.740870,refund,London,tablet,False
TXN-F8EA143D3185,ACC-6F122E0700FA,ACC-1A0445D0FB59,2246.47,JPY,2025-06-01T20:37:45.522884,transfer,Singapore,desktop,False
TXN-55FA01D6304D,ACC-57E7B8B3F24B,ACC-A89CD2F6FE3F,2476.9,EUR,2025-06-02T01:54:14.025541,transfer,Chicago,tablet,False
TXN-C052A9864044,ACC-82A00B8895F7,ACC-295D54B6E2F6,2030.2,JPY,2025-06-03T00:45:30.058399,withdrawal,Toronto,tablet,False
TXN-30F8ECA7EB62,ACC-A66169601F60,ACC-5CA532FA70E8,2137.77,AUD,2025-06-03T22:50:27.515761,deposit,Berlin,tablet,False
TXN-E0DCE8816DAE,ACC-9B13981299A3,ACC-39BB58F9B5A5,2165.51,JPY,2025-06-04T16:24:59.564802,purchase,Paris,tablet,False
TXN-525BA750C528,ACC-B1D6D98EA657,ACC-D50618B0F5A0,1723.9,EUR,2025-06-06T11:41:02.695221,deposit,São Paulo,desktop,False
TXN-1A80DF2EE2AD,ACC-8B7D41E6AB28,ACC-9E6813D61AD8,2276.22,CAD,2025-06-06T13:55:32.586490,purchase,Chicago,tablet,False
TXN-E4BA74355215,ACC-9D2AD1BBD26D,ACC-25E39AD3B2C7,2402.09,JPY,2025-06-07T13:11:15.227710,payment,Seoul,desktop,False
TXN-D840EBE9C853,ACC-BFDE934B69B8,ACC-598F42B0A663,2422.95,GBP,2025-06-07T19:22:36.895594,purchase,San Francisco,tablet,False
TXN-42DF6C780394,ACC-187D2C839C3E,ACC-26A9A0FB1F2F,2034.1,EUR,2025-06-08T20:44:10.277700,deposit,Mumbai,tablet,False
TXN-AA194E4376DB,ACC-CDCEE5012D59,ACC-AA41550852D8,2733.73,AUD,2025-06-08T20:55:06.879325,payment,Chicago,tablet,False
TXN-80AF4708441A,ACC-1C9C110D3A8B,ACC-CDCEE5012D59,2569.17,AUD,2025-06-09T14:30:13.172398,payment,Seoul,desktop,False
TXN-A25D757E4D50,ACC-F4A1C77F9145,ACC-2D9237AD1651,2039.28,JPY,2025-06-09T15:47:23.487922,withdrawal,Hong Kong,tablet,False
TXN-4CB48CC1BAD5,ACC-71DA0D1DCDC5,ACC-2DDB04353BC3,2646.32,AUD,2025-06-10T15:12:03.059611,transfer,Seoul,tablet,False
TXN-AA99C857AB5C,ACC-E7549B4329A3,ACC-2A1068F55BB2,1977.49,AUD,2025-06-10T18:09:24.502966,withdrawal,London,tablet,False
TXN-6F20D1A76632,ACC-3B6F85E91B4F,ACC-BA215E6002AF,2567.54,EUR,2025-06-11T04:45:23.818389,refund,Toronto,tablet,False
TXN-6A0275FD438F,ACC-3DE9BDEFE3FF,ACC-BFDE934B69B8,2644.57,EUR,2025-06-13T02:19:21.256237,refund,Toronto,tablet,False
TXN-7E2A6AE985D0,ACC-F4A1C77F9145,ACC-9F63507BBA39,3398.13,EUR,2025-06-13T19:17:19.540199,payment,Dubai,tablet,False
TXN-8AB98A5BDBE6,ACC-29F7FAF12305,ACC-F4A1C77F9145,3183.26,JPY,2025-06-13T20:44:30.108168,withdrawal,Berlin,tablet,False
TXN-939580B66065,ACC-8B7D41E6AB28,ACC-9CB004C3F622,2673.31,USD,2025-06-16T00:05:00.444410,deposit,Mumbai,desktop,False
TXN-9D2B7FCE5733,ACC-CE060CFA13D9,ACC-E9B284A64F1D,2019.74,JPY,2025-06-17T19:14:21.306708,deposit,Mumbai,tablet,False
TXN-DC6322402E57,ACC-D09ACB3A3A1F,ACC-1B7A3DB37A35,1563.42,EUR,2025-06-19T10:06:06.450606,refund,Sydney,tablet,False
TXN-B258CC85DDBB,ACC-E9D1445E7EB0,ACC-26A9A0FB1F2F,2550.33,EUR,2025-06-20T07:13:54.708265,refund,Sydney,tablet,False
TXN-EC0AFB22B2D4,ACC-1A0445D0FB59,ACC-71C0AD57EA41,1491.76,EUR,2025-06-21T14:05:20.772256,refund,Singapore,tablet,False
TXN-70A1CDF066B8,ACC-9FCC8BC90DA7,ACC-FCC2112B960E,2131.72,CAD,2025-06-21T23:48:30.840952,refund,São Paulo,tablet,False
TXN-C467834F54B4,ACC-D09ACB3A3A1F,ACC-F6BDDC7E7E73,1862.02,EUR,2025-06-24T14:56:25.831472,purchase,Toronto,tablet,False
TXN-A0A7E5A535E3,ACC-2D9237AD1651,ACC-9E6813D61AD8,1942.19,CAD,2025-06-24T17:25:28.939019,transfer,New York,desktop,False
TXN-A094C0FCC695,ACC-BC833AB3E5AC,ACC-71DA0D1DCDC5,3829.93,JPY,2025-06-25T22:52:37.182801,payment,San Francisco,desktop,False
TXN-ABDEE7A568F6,ACC-73338483195C,ACC-ECFA981847BA,2826.98,GBP,2025-06-26T00:30:40.316814,refund,Mumbai,desktop,False
TXN-EB787785BFBC,ACC-3B678A0B56BD,ACC-3A82C2094B3D,2610.48,INR,2025-06-26T01:51:32.273779,refund,Dubai,tablet,False
TXN-2A71E5B58EDC,ACC-6F122E0700FA,ACC-091935AF16F1,2780.11,GBP,2025-06-26T06:27:00.794671,payment,Singapore,tablet,False
TXN-035E57BBF55D,ACC-08AE64550B97,ACC-25E39AD3B2C7,2345.03,CAD,2025-06-26T14:27:01.342872,purchase,Toronto,desktop,False
TXN-98AD2033C19F,ACC-0EE0C4936D8F,ACC-598F42B0A663,2444.74,USD,2025-06-26T18:20:33.310312,withdrawal,Paris,tablet,False
TXN-6BE94D43F277,ACC-F7D04267502F,ACC-5F17267FCEAE,2656.6,INR,2025-06-28T06:10:29.200153,deposit,Dubai,tablet,False
TXN-D6B4CDA0D00D,ACC-9CB004C3F622,ACC-F4A1C77F9145,2361.14,INR,2025-06-30T14:57:01.577382,deposit,Tokyo,desktop,False
TXN-1A9472D57F8B,ACC-B14C99796F1B,ACC-3DE9BDEFE3FF,2448.06,GBP,2025-07-01T01:53:17.867647,payment,London,desktop,False
TXN-CE267AEA7BC1,ACC-3BA0958A5893,ACC-D8814A3FA5F4,2294.61,INR,2025-07-01T10:55:36.401278,purchase,São Paulo,desktop,False
TXN-36304CEEF6BA,ACC-8568DDA467D3,ACC-B69B305D23D3,1942.41,GBP,2025-07-02T01:52:57.776496,withdrawal,Hong Kong,tablet,False
TXN-6A7440943F0F,ACC-3A82C2094B3D,ACC-DDE6B9335EE6,3014.35,USD,2025-07-02T08:21:43.846440,withdrawal,San Francisco,tablet,False
TXN-1712B71C5041,ACC-42511A54BC33,ACC-598F42B0A663,3311.13,EUR,2025-07-02T13:38:49.545843,payment,Chicago,tablet,False
TXN-296730EEC4A6,ACC-08AE64550B97,ACC-137498F057B4,2042.04,JPY,2025-07-03T23:38:37.056895,withdrawal,New York,tablet,False
TXN-47BBDC5E796F,ACC-71C0AD57EA41,ACC-5CA532FA70E8,2466.56,JPY,2025-07-04T02:57:12.956268,transfer,Berlin,tablet,False
TXN-CE9175390B37,ACC-298893F22D66,ACC-25E39AD3B2C7,2154.4,AUD,2025-07-05T03:00:21.043391,transfer,Tokyo,desktop,False
TXN-0CB674A0280F,ACC-0EE0C4936D8F,ACC-990F766A9B56,2758.8,CAD,2025-07-05T08:31:28.481476,refund,London,desktop,False
TXN-00E0959C1063,ACC-CDCEE5012D59,ACC-F2A545DE21EA,2412.36,JPY,2025-07-05T16:49:12.900190,transfer,Dubai,tablet,False
TXN-78F96FBABFAE,ACC-CE060CFA13D9,ACC-1C5C7E87DADF,2393.14,INR,2025-07-06T18:20:10.126663,refund,Hong Kong,tablet,False
TXN-937F177D97E4,ACC-B76FBC922971,ACC-157366500E6E,2417.24,JPY,2025-07-07T19:52:50.703774,refund,New York,tablet,False
TXN-4EDD4F455AD2,ACC-73338483195C,ACC-82A00B8895F7,2014.87,EUR,2025-07-08T10:40:47.504962,transfer,Paris,tablet,False
TXN-F658E13D3574,ACC-A46CF3C33574,ACC-D10D840A67C0,3256.7,AUD,2025-07-08T13:17:08.118368,transfer,Berlin,tablet,False
TXN-9432CA79A9E0,ACC-B14C99796F1B,ACC-BC833AB3E5AC,2671.89,USD,2025-07-08T13:57:15.815239,transfer,São Paulo,tablet,False
TXN-74B93DBC8B98,ACC-BFDE934B69B8,ACC-4FF95E620F96,2991.93,CAD,2025-07-09T05:08:37.700063,refund,Berlin,tablet,False
TXN-6B6ED365832C,ACC-85D18CCEBD99,ACC-5F17267FCEAE,3272.81,GBP,2025-07-09T12:42:00.753139,transfer,Chicago,tablet,False
TXN-091CD169DDBB,ACC-295D54B6E2F6,ACC-5BAE6F54A299,2268.1,JPY,2025-07-09T17:24:27.243249,refund,Hong Kong,tablet,False
TXN-D5DC12B8B661,ACC-9B13981299A3,ACC-0EE0C4936D8F,2482.87,JPY,2025-07-09T21:11:58.342756,withdrawal,Sydney,desktop,False
TXN-83E6C492F98B,ACC-D50618B0F5A0,ACC-D8814A3FA5F4,2647.07,GBP,2025-07-10T05:47:41.070534,deposit,Dubai,tablet,False
TXN-52259ABBD28C,ACC-3B6F85E91B4F,ACC-5CA532FA70E8,1820.35,AUD,2025-07-10T05:49:24.961869,withdrawal,Singapore,desktop,False
TXN-701FD63A00D8,ACC-08AE64550B97,ACC-2D9237AD1651,2736.99,GBP,2025-07-11T18:11:56.931356,payment,Mumbai,desktop,False
TXN-898EFAB8F3D7,ACC-5AAE64595A74,ACC-1812DD4FF814,1544.12,CAD,2025-07-12T17:16:20.836935,purchase,São Paulo,desktop,False
TXN-D0639BC67084,ACC-1B7A3DB37A35,ACC-42511A54BC33,2951.65,CAD,2025-07-13T02:59:50.001437,deposit,Singapore,tablet,False
TXN-4A9C6EF6E3AC,ACC-6F122E0700FA,ACC-5AAE64595A74,1866.87,EUR,2025-07-13T20:06:08.184400,withdrawal,Dubai,desktop,False
TXN-62E98C461C9F,ACC-D10D840A67C0,ACC-A66169601F60,2585.16,CAD,2025-07-14T02:28:27.996905,deposit,Chicago,tablet,False
TXN-C18470B52C9A,ACC-DDE6B9335EE6,ACC-42511A54BC33,2540.66,AUD,2025-07-15T09:45:35.304197,purchase,Hong Kong,tablet,False
TXN-8002388114B2,ACC-A671FC1F73CD,ACC-0E5BDDDD9B88,2910.51,GBP,2025-07-15T10:45:26.132601,deposit,London,tablet,False
TXN-30511CF03A88,ACC-D8D4B325BA65,ACC-DDE6B9335EE6,2551.81,GBP,2025-07-17T16:47:23.945973,payment,Hong Kong,tablet,False
TXN-A65AA0C51978,ACC-1812DD4FF814,ACC-BE5A7F8ED837,2376.37,INR,2025-07-17T18:51:39.677839,withdrawal,New York,desktop,False
TXN-CD10915235C4,ACC-5FAFD55CEC01,ACC-CB33769EF93A,2196.45,JPY,2025-07-18T19:08:18.917070,withdrawal,Chicago,tablet,False
TXN-B088F578C0BF,ACC-25E39AD3B2C7,ACC-9B13981299A3,2466.4,AUD,2025-07-18T23:49:47.545535,withdrawal,São Paulo,tablet,False
TXN-1C388142F7A4,ACC-70FD40D19205,ACC-58D449DA1FB9,2907.61,EUR,2025-07-20T00:08:54.502674,payment,Singapore,desktop,False
TXN-BF07AC36487A,ACC-E9D1445E7EB0,ACC-65B7A1D7D54C,2997.71,GBP,2025-07-20T13:53:34.772025,payment,São Paulo,tablet,False
TXN-B8E98C5F331A,ACC-BBCD51C5C267,ACC-C3CB8B26F521,1754.27,INR,2025-07-22T13:18:40.627759,refund,Dubai,tablet,False
TXN-7468E3A197C3,ACC-4F647C05EF0E,ACC-FCC2112B960E,3276.47,INR,2025-07-23T10:36:37.874146,deposit,Berlin,tablet,False
TXN-E33A47C2A861,ACC-BA215E6002AF,ACC-E9B284A64F1D,2055.63,EUR,2025-07-23T19:51:42.949277,refund,Chicago,tablet,False
TXN-ABCB1A16F74E,ACC-9F63507BBA39,ACC-C3CB8B26F521,2535.61,AUD,2025-07-25T15:53:10.759750,withdrawal,Seoul,tablet,False
TXN-EF2A11F8C2E0,ACC-1218E6A61F27,ACC-1C5C7E87DADF,2725.89,INR,2025-07-26T22:50:16.379853,payment,Mumbai,desktop,False
TXN-F12CADA04E4B,ACC-ABEB40DAABA8,ACC-1812DD4FF814,2239.93,USD,2025-07-29T09:15:16.218550,payment,Berlin,desktop,False
TXN-68DA093762B5,ACC-5CA532FA70E8,ACC-3DE9BDEFE3FF,2422.6,GBP,2025-07-29T09:40:16.720671,transfer,Hong Kong,tablet,False
TXN-26DF2734D511,ACC-CDCEE5012D59,ACC-E9D1445E7EB0,1744.63,JPY,2025-07-29T21:39:34.119463,transfer,Dubai,tablet,False
TXN-10CA5B2B9E36,ACC-298893F22D66,ACC-444B61D23EC5,2322.67,INR,2025-07-29T23:53:52.977502,refund,Sydney,tablet,False
TXN-59460A65129D,ACC-D50618B0F5A0,ACC-ABEB40DAABA8,2420.22,EUR,2025-07-30T20:17:32.757844,refund,Toronto,tablet,False
TXN-68428E645762,ACC-0C7A27097101,ACC-5F17267FCEAE,1926.73,USD,2025-08-01T00:32:34.714854,purchase,Berlin,tablet,False
TXN-506D21AD8A2D,ACC-9B13981299A3,ACC-187D2C839C3E,2323.83,CAD,2025-08-02T12:59:05.370162,transfer,Hong Kong,tablet,False
TXN-F67C3F787A03,ACC-1460F4A366EF,ACC-42DA44FA5EB6,3027.24,JPY,2025-08-03T05:50:46.981274,transfer,Mumbai,tablet,False
TXN-49525D5EB48E,ACC-CE060CFA13D9,ACC-C012AB9FC96A,1738.8,AUD,2025-08-03T23:11:42.041100,refund,San Francisco,tablet,False
TXN-5B851CEDDA6A,ACC-63BA6A231AFF,ACC-65B7A1D7D54C,2257.72,GBP,2025-08-04T01:51:53.197991,payment,New York,desktop,False
TXN-194F563745AD,ACC-58D449DA1FB9,ACC-76BEEED0F7BA,2321.83,CAD,2025-08-05T13:15:06.800386,payment,Tokyo,tablet,False
TXN-E710CB8E854F,ACC-5FAFD55CEC01,ACC-02A8727EE804,2167.99,EUR,2025-08-05T19:31:49.763385,transfer,San Francisco,tablet,False
TXN-9222AAD9BF14,ACC-187D2C839C3E,ACC-B69B305D23D3,2017.18,AUD,2025-08-05T22:00:17.001599,withdrawal,São Paulo,tablet,False
TXN-C27BBE771878,ACC-1A0445D0FB59,ACC-B76FBC922971,2406.13,GBP,2025-08-05T23:15:36.355700,withdrawal,Toronto,tablet,False
TXN-3FBDC966B84F,ACC-C7F037F1B7F7,ACC-390CAD45FB11,2749.46,JPY,2025-08-06T11:36:24.794264,refund,Toronto,tablet,False
TXN-D2DE59DDA824,ACC-F7D04267502F,ACC-1460F4A366EF,2391.56,JPY,2025-08-07T03:25:48.071487,refund,Berlin,desktop,False
TXN-BD24F31776AA,ACC-403D53FAEC8C,ACC-E9D1445E7EB0,2358.93,EUR,2025-08-07T22:11:28.181728,payment,Sydney,desktop,False
TXN-34E1F1999B8C,ACC-A671FC1F73CD,ACC-FCC2112B960E,1847.86,AUD,2025-08-08T19:44:25.643892,payment,Dubai,tablet,False
TXN-4C5FCBA90CD3,ACC-5FAFD55CEC01,ACC-187D2C839C3E,1804.48,AUD,2025-08-09T04:11:21.748316,transfer,Mumbai,tablet,False
TXN-F0D2F4F0334C,ACC-B6BEDFAE7BF1,ACC-A46CF3C33574,2183.64,JPY,2025-08-10T23:56:55.206462,deposit,Berlin,tablet,False
TXN-C2E4C30FEDD9,ACC-FCC2112B960E,ACC-9569D0D6B0A9,2679.85,GBP,2025-08-12T03:28:03.604805,transfer,London,tablet,False
TXN-42EA1A96D911,ACC-295D54B6E2F6,ACC-85D18CCEBD99,2320.94,JPY,2025-08-12T20:30:03.650075,payment,Dubai,tablet,False
TXN-F3DCA35453D7,ACC-B69B305D23D3,ACC-C75B8AC84BBD,3527.11,GBP,2025-08-13T06:19:47.426844,refund,Paris,desktop,False
TXN-FF33F26C3225,ACC-5A345063FF84,ACC-75CC851B7571,1973.58,USD,2025-08-14T17:08:48.900213,transfer,New York,tablet,False
TXN-2B0AF1737FEF,ACC-2D9237AD1651,ACC-4FF95E620F96,2280.86,INR,2025-08-15T10:56:09.930725,payment,Seoul,tablet,False
TXN-7F793532C092,ACC-598F42B0A663,ACC-1218E6A61F27,2432.83,INR,2025-08-18T12:35:40.599178,refund,New York,desktop,False
TXN-4A647970D0DE,ACC-75CC851B7571,ACC-1460F4A366EF,2777.94,EUR,2025-08-21T14:55:09.405801,payment,Berlin,tablet,False
TXN-F00B01DA09FD,ACC-B1D6D98EA657,ACC-77BA4A4B76E5,2727.28,JPY,2025-08-21T21:09:50.006475,payment,São Paulo,tablet,False
TXN-F0FEDD811526,ACC-157366500E6E,ACC-0C7A27097101,2686.04,EUR,2025-08-22T21:58:24.100468,transfer,Paris,desktop,False
TXN-EA71CE09673C,ACC-73338483195C,ACC-D8D4B325BA65,3184.69,AUD,2025-08-23T04:47:06.093804,transfer,London,desktop,False
TXN-FE96F5DCEA9A,ACC-5FAFD55CEC01,ACC-9E6813D61AD8,2423.12,INR,2025-08-23T08:22:16.019803,withdrawal,Hong Kong,tablet,False
TXN-E341147A2667,ACC-6C91C42C05F4,ACC-1812DD4FF814,2800.0,USD,2025-08-24T08:14:04.014818,refund,Dubai,desktop,False
TXN-E6B429B75F0D,ACC-298893F22D66,ACC-1A74CD277812,3612.85,CAD,2025-08-24T20:38:01.616699,deposit,Paris,desktop,False
TXN-A9A2CB1BAD33,ACC-444B61D23EC5,ACC-8568DDA467D3,1534.5,USD,2025-08-25T08:11:00.756155,deposit,Toronto,tablet,False
TXN-5F249D862FAF,ACC-3A82C2094B3D,ACC-42511A54BC33,1867.49,AUD,2025-08-26T07:43:58.554065,purchase,San Francisco,desktop,False
TXN-9DC84B11AD69,ACC-C75B8AC84BBD,ACC-2FFC1CA4D812,2507.27,CAD,2025-08-26T13:11:15.866162,transfer,Mumbai,tablet,False
TXN-F1ABFD6C283F,ACC-4FF95E620F96,ACC-F9AC92C85C3D,2408.74,INR,2025-08-30T12:34:46.800812,purchase,Tokyo,tablet,False
TXN-3EE113F936CE,ACC-73338483195C,ACC-B69B305D23D3,2074.73,USD,2025-09-02T03:48:24.850287,refund,Berlin,tablet,False
TXN-36EFA86CDED5,ACC-C1B64F0CCD73,ACC-0EE0C4936D8F,1744.05,AUD,2025-09-02T18:12:46.198260,withdrawal,Singapore,tablet,False
TXN-0A979A81554F,ACC-B1A73D149F53,ACC-403D53FAEC8C,2465.38,JPY,2025-09-03T02:32:23.769774,deposit,Chicago,tablet,False
TXN-C0D1283D6163,ACC-8568DDA467D3,ACC-403D53FAEC8C,3175.96,AUD,2025-09-03T05:52:49.930900,deposit,Sydney,tablet,False
TXN-2319AFDF820A,ACC-C7F037F1B7F7,ACC-9CB004C3F622,3369.69,GBP,2025-09-05T19:23:35.583657,payment,Singapore,tablet,False
TXN-851D9F2A4BCE,ACC-1A74CD277812,ACC-AA41550852D8,2263.78,INR,2025-09-06T03:25:32.037731,purchase,Sydney,tablet,False
TXN-11D338015658,ACC-5FAFD55CEC01,ACC-F7D04267502F,2526.23,INR,2025-09-06T13:48:32.696323,payment,Chicago,tablet,False
TXN-CDCE7B56BC7E,ACC-FCC2112B960E,ACC-1B7A3DB37A35,2629.89,AUD,2025-09-07T04:21:24.486431,transfer,Dubai,tablet,False
TXN-2FFC4EE29857,ACC-F7D04267502F,ACC-1C9C110D3A8B,3027.92,USD,2025-09-08T22:20:41.052712,payment,Hong Kong,tablet,False
TXN-6B53A4CD2C33,ACC-19293BB8E0A1,ACC-F4A1C77F9145,2087.23,AUD,2025-09-09T20:59:27.138673,deposit,Paris,tablet,False
TXN-C171980F6230,ACC-E9D1445E7EB0,ACC-9F63507BBA39,2339.15,GBP,2025-09-10T05:49:59.662878,refund,Berlin,tablet,False
TXN-3051E4CB9607,ACC-BA215E6002AF,ACC-390CAD45FB11,3221.65,EUR,2025-09-10T06:36:59.766213,transfer,London,tablet,False
TXN-313919CCEE77,ACC-E7549B4329A3,ACC-9E6813D61AD8,2348.33,EUR,2025-09-11T04:10:38.374783,deposit,San Francisco,tablet,False
TXN-B9D729987A18,ACC-1A0445D0FB59,ACC-39BB58F9B5A5,2285.52,USD,2025-09-11T12:00:05.815788,withdrawal,Chicago,tablet,False
TXN-5650F6E36AAB,ACC-C75B8AC84BBD,ACC-D50618B0F5A0,2678.22,AUD,2025-09-14T10:33:45.117727,refund,San Francisco,tablet,False
TXN-48987C440790,ACC-CAC724B991AC,ACC-D09ACB3A3A1F,2668.31,GBP,2025-09-14T20:53:21.428736,purchase,São Paulo,tablet,False
TXN-755B4DB1A453,ACC-2A1068F55BB2,ACC-76BEEED0F7BA,2081.59,AUD,2025-09-16T05:44:10.874472,withdrawal,London,tablet,False
TXN-4E78B9B8B55D,ACC-F2A545DE21EA,ACC-1A74CD277812,2809.49,INR,2025-09-17T08:06:29.281272,deposit,Sydney,tablet,False
TXN-5035C3B14F66,ACC-0C7A27097101,ACC-F2A545DE21EA,2083.09,INR,2025-09-17T10:46:29.201061,purchase,Hong Kong,desktop,False
TXN-7C5EBBEC5439,ACC-CDCEE5012D59,ACC-ECFA981847BA,2836.93,EUR,2025-09-17T18:07:48.770456,deposit,San Francisco,tablet,False
TXN-4652A83679C5,ACC-68388B2BFBB7,ACC-9FCC8BC90DA7,2049.18,GBP,2025-09-18T03:11:30.941729,refund,Seoul,tablet,False
TXN-887B0DDF2B40,ACC-3BA0958A5893,ACC-DEC77EA556B8,2514.14,JPY,2025-09-18T06:37:22.541244,payment,Tokyo,tablet,False
TXN-1CD8D48DBEDB,ACC-C012AB9FC96A,ACC-598F42B0A663,2929.99,INR,2025-09-19T00:25:23.485439,purchase,São Paulo,tablet,False
TXN-FB86453417FC,ACC-5FAFD55CEC01,ACC-598F42B0A663,2586.16,AUD,2025-09-19T07:16:11.391722,purchase,Toronto,tablet,False
TXN-9259C5520BFD,ACC-5F17267FCEAE,ACC-0EE0C4936D8F,1872.76,JPY,2025-09-20T01:46:27.301137,withdrawal,Seoul,tablet,False
TXN-CD66F7C83287,ACC-F6BDDC7E7E73,ACC-ECFA981847BA,1956.68,EUR,2025-09-20T18:23:42.567960,transfer,Berlin,desktop,False
TXN-2865A4FB86B3,ACC-29F7FAF12305,ACC-02A8727EE804,3058.04,GBP,2025-09-21T09:20:41.188083,payment,New York,tablet,False
TXN-0B30A77BE64A,ACC-85D18CCEBD99,ACC-75CC851B7571,2643.03,USD,2025-09-21T12:23:22.234112,payment,São Paulo,tablet,False
TXN-C7D423B387E9,ACC-1A74CD277812,ACC-9569D0D6B0A9,2341.62,INR,2025-09-21T20:47:33.437871,payment,London,tablet,False
TXN-5849C675C4BD,ACC-2DDB04353BC3,ACC-85D18CCEBD99,1963.49,GBP,2025-09-24T20:59:33.390461,transfer,Paris,tablet,False
TXN-53D531E19575,ACC-26A9A0FB1F2F,ACC-FCC2112B960E,2096.16,GBP,2025-09-24T21:57:02.792245,payment,Mumbai,desktop,False
TXN-0C7F50C5B6B1,ACC-A66169601F60,ACC-5BAE6F54A299,2941.28,AUD,2025-09-25T20:19:12.444489,transfer,Singapore,desktop,False
TXN-BA636C9AE03D,ACC-1A74CD277812,ACC-1A0445D0FB59,2659.89,AUD,2025-09-27T03:49:22.744862,deposit,Chicago,tablet,False
TXN-E50A5CECC713,ACC-B76FBC922971,ACC-5A345063FF84,1688.97,EUR,2025-09-27T11:15:32.424887,withdrawal,Sydney,tablet,False
TXN-CD9E1B93671A,ACC-9D2AD1BBD26D,ACC-7D6C9E73388F,2300.22,JPY,2025-09-29T10:00:28.158633,purchase,Singapore,tablet,False
TXN-3BCD7E698B67,ACC-BE5A7F8ED837,ACC-295D54B6E2F6,3516.54,INR,2025-09-30T04:24:47.328536,payment,San Francisco,desktop,False
TXN-8C9C74114862,ACC-85D90ACB734C,ACC-26A9A0FB1F2F,2854.34,JPY,2025-09-30T22:24:48.456982,payment,London,desktop,False
TXN-340CFD7BF5F1,ACC-87C3CDC2B865,ACC-FCC2112B960E,2434.81,INR,2025-09-30T22:42:15.297760,transfer,New York,desktop,False
TXN-57AC2487A0C6,ACC-E9B284A64F1D,ACC-85D18CCEBD99,2342.61,GBP,2025-10-04T03:29:08.722523,deposit,London,tablet,False
TXN-1EA33D1786A0,ACC-157366500E6E,ACC-298893F22D66,3290.53,JPY,2025-10-05T22:33:30.272601,purchase,São Paulo,tablet,False
TXN-AD35EC85EB75,ACC-9B13981299A3,ACC-7D6C9E73388F,2104.15,INR,2025-10-06T09:09:50.962254,withdrawal,London,desktop,False
TXN-14AA32C1EEF8,ACC-990F766A9B56,ACC-9FCC8BC90DA7,3895.01,CAD,2025-10-07T12:46:18.412953,purchase,London,tablet,False
TXN-8EA065DE23D4,ACC-E6D2B008C36B,ACC-D8D4B325BA65,1778.24,JPY,2025-10-07T14:22:00.095537,withdrawal,Tokyo,tablet,False
TXN-66B2B0FB9929,ACC-9F63507BBA39,ACC-1460F4A366EF,2514.79,EUR,2025-10-07T15:16:57.651591,withdrawal,San Francisco,tablet,False
TXN-A9569934D091,ACC-091935AF16F1,ACC-A46CF3C33574,1946.39,EUR,2025-10-08T07:03:00.040237,deposit,New York,desktop,False
TXN-2BEF0B51AF96,ACC-73338483195C,ACC-F2A545DE21EA,1898.62,JPY,2025-10-08T08:56:58.617621,deposit,San Francisco,tablet,False
TXN-BF550AC56EB0,ACC-5A345063FF84,ACC-9CB004C3F622,2068.47,INR,2025-10-08T11:53:24.587745,payment,Sydney,tablet,False
TXN-150C7E0B3A98,ACC-82A00B8895F7,ACC-9FCC8BC90DA7,3866.27,GBP,2025-10-08T18:27:35.501986,withdrawal,San Francisco,tablet,False
TXN-B1D1DF1560F4,ACC-BE5A7F8ED837,ACC-F7D04267502F,1575.66,AUD,2025-10-10T06:14:18.470198,refund,Sydney,tablet,False
TXN-5703430FB606,ACC-C012AB9FC96A,ACC-BC833AB3E5AC,2499.79,EUR,2025-10-10T10:54:49.696444,purchase,Chicago,tablet,False
TXN-1CC99D935E59,ACC-3BA0958A5893,ACC-CAC724B991AC,2878.42,INR,2025-10-10T11:36:09.704490,withdrawal,Sydney,tablet,False
TXN-9C535BCADA9C,ACC-FCC2112B960E,ACC-77BA4A4B76E5,2209.54,AUD,2025-10-10T12:05:03.128206,purchase,Chicago,tablet,False
TXN-03CBE86C7B8F,ACC-71DA0D1DCDC5,ACC-E7549B4329A3,1900.15,AUD,2025-10-11T13:15:21.920236,deposit,San Francisco,tablet,False
TXN-6753BF116D33,ACC-BA215E6002AF,ACC-5BAE6F54A299,2022.41,AUD,2025-10-12T12:58:54.241173,refund,Dubai,tablet,False
TXN-CF7AECD78597,ACC-42511A54BC33,ACC-0A7B3213D452,2695.78,JPY,2025-10-13T08:10:42.877581,payment,New York,desktop,False
TXN-F71446AA5443,ACC-DEC77EA556B8,ACC-F7D04267502F,3015.37,GBP,2025-10-14T19:31:28.996003,transfer,Mumbai,tablet,False
TXN-47E8DBEE5351,ACC-46F955B0195C,ACC-CE060CFA13D9,2591.98,EUR,2025-10-14T21:56:36.479993,deposit,Tokyo,desktop,False
TXN-A47C8CD59FAF,ACC-F4A1C77F9145,ACC-58D449DA1FB9,2376.3,USD,2025-10-15T07:28:50.922107,refund,London,tablet,False
TXN-F6832EC182E5,ACC-B14C99796F1B,ACC-B1D6D98EA657,2531.77,EUR,2025-10-15T22:27:46.374107,refund,São Paulo,tablet,False
TXN-DC57900A7DDB,ACC-73338483195C,ACC-FCC2112B960E,2062.34,CAD,2025-10-17T00:18:48.517428,purchase,Berlin,desktop,False
TXN-65F38307C154,ACC-5BAE6F54A299,ACC-71C0AD57EA41,2210.37,GBP,2025-10-19T16:51:02.964344,payment,Sydney,tablet,False
TXN-0E3EA06D797D,ACC-BE5A7F8ED837,ACC-990F766A9B56,1939.15,AUD,2025-10-21T00:34:39.140897,payment,London,desktop,False
TXN-0B35DB9763F0,ACC-D10D840A67C0,ACC-403D53FAEC8C,2646.19,GBP,2025-10-21T16:23:18.504563,transfer,San Francisco,desktop,False
TXN-0D58A5A43287,ACC-9E6813D61AD8,ACC-541F7D4B0C73,2247.43,JPY,2025-10-22T23:35:09.427799,withdrawal,Singapore,tablet,False
TXN-DF42FAD15ADE,ACC-CDCEE5012D59,ACC-5AAE64595A74,3582.38,EUR,2025-10-23T10:29:34.480602,withdrawal,San Francisco,tablet,False
TXN-50F54BC829E5,ACC-E9D1445E7EB0,ACC-157366500E6E,2758.54,GBP,2025-10-23T11:27:27.902978,refund,Berlin,tablet,False
TXN-6BC6A7368F76,ACC-46F955B0195C,ACC-9D2AD1BBD26D,2386.36,EUR,2025-10-25T05:59:34.214659,payment,Tokyo,tablet,False
TXN-2958170ECA37,ACC-1C9C110D3A8B,ACC-85D90ACB734C,2263.43,JPY,2025-10-25T15:49:13.663154,withdrawal,Toronto,tablet,False
TXN-7647957443CC,ACC-A7300C11CB03,ACC-3B6F85E91B4F,2449.64,AUD,2025-10-25T16:42:35.747580,payment,Hong Kong,tablet,False
TXN-E72BC1CDB1FE,ACC-A66169601F60,ACC-A7300C11CB03,3865.78,EUR,2025-10-27T04:19:27.917924,deposit,Chicago,desktop,False
TXN-5C3FB1C22527,ACC-3B678A0B56BD,ACC-39BB58F9B5A5,2541.18,CAD,2025-10-27T06:19:19.163979,purchase,New York,tablet,False
TXN-B6ECBE229112,ACC-9569D0D6B0A9,ACC-C844A39631A8,2677.45,GBP,2025-10-27T09:44:27.930866,purchase,São Paulo,desktop,False
TXN-8D3A8E8C51B3,ACC-5AAE64595A74,ACC-C3CB8B26F521,2590.98,INR,2025-10-27T10:06:00.813748,withdrawal,Dubai,tablet,False
TXN-F8A34FA29A53,ACC-75CC851B7571,ACC-3B678A0B56BD,1966.61,USD,2025-10-28T06:04:55.756126,transfer,Mumbai,tablet,False
TXN-AEE861E18F2F,ACC-A671FC1F73CD,ACC-5A345063FF84,2869.18,GBP,2025-10-28T20:57:35.845198,transfer,Tokyo,desktop,False
TXN-43370E47D5FC,ACC-71DA0D1DCDC5,ACC-73338483195C,3429.79,JPY,2025-10-30T01:13:51.328349,deposit,Singapore,tablet,False
TXN-4AE66F68B564,ACC-A7300C11CB03,ACC-2FFC1CA4D812,2988.06,EUR,2025-10-30T15:26:06.774892,withdrawal,Paris,tablet,False
TXN-3D44E8F0FBC4,ACC-5F17267FCEAE,ACC-1A0445D0FB59,1650.27,INR,2025-10-31T16:54:47.292308,withdrawal,San Francisco,tablet,False
TXN-C2AF3A84CFFC,ACC-42511A54BC33,ACC-C844A39631A8,2315.47,EUR,2025-11-01T03:38:15.612750,transfer,São Paulo,tablet,False
TXN-9D950ACB0DAE,ACC-85D90ACB734C,ACC-295D54B6E2F6,2695.94,AUD,2025-11-01T16:46:13.605823,purchase,Berlin,tablet,False
TXN-8D3C0556AB43,ACC-9B13981299A3,ACC-598F42B0A663,2254.88,JPY,2025-11-01T18:27:29.858985,transfer,Sydney,tablet,False
TXN-45FF0A490A7C,ACC-E6D2B008C36B,ACC-C3CB8B26F521,3368.25,EUR,2025-11-01T20:18:17.828653,purchase,Sydney,tablet,False
TXN-52946189D2C6,ACC-E6D2B008C36B,ACC-B69B305D23D3,2434.24,AUD,2025-11-02T03:36:06.445502,deposit,San Francisco,tablet,False
TXN-9721E999B6EF,ACC-7D6C9E73388F,ACC-82A00B8895F7,2015.14,EUR,2025-11-03T11:11:26.810185,withdrawal,San Francisco,tablet,False
TXN-BC2363860DF9,ACC-9F63507BBA39,ACC-9B13981299A3,2284.95,CAD,2025-11-04T06:31:13.148144,purchase,Mumbai,tablet,False
TXN-5E083499873B,ACC-42DA44FA5EB6,ACC-2BC6B7554D17,2875.55,JPY,2025-11-04T23:13:26.923480,purchase,Seoul,tablet,False
TXN-F00FBB1C636A,ACC-B1A73D149F53,ACC-29F7FAF12305,2738.99,GBP,2025-11-05T18:44:58.487573,payment,Tokyo,tablet,False
TXN-3AE8D1F1700B,ACC-08AE64550B97,ACC-C012AB9FC96A,2244.17,USD,2025-11-06T16:50:33.149373,transfer,Hong Kong,tablet,False
TXN-DE05440E1170,ACC-6C91C42C05F4,ACC-DEC77EA556B8,2918.59,EUR,2025-11-07T17:49:16.645914,withdrawal,Paris,desktop,False
TXN-4DD6FF13F872,ACC-42DA44FA5EB6,ACC-C3CB8B26F521,1815.63,USD,2025-11-08T01:51:51.620183,purchase,Tokyo,tablet,False
TXN-AC5340BC3784,ACC-85D90ACB734C,ACC-F9AC92C85C3D,2782.26,AUD,2025-11-08T18:35:25.136380,withdrawal,San Francisco,tablet,False
TXN-E6505740A549,ACC-ECFA981847BA,ACC-3DE9BDEFE3FF,2703.4,EUR,2025-11-08T18:46:57.385561,deposit,Hong Kong,tablet,False
TXN-6C7899DE8B3D,ACC-DEC77EA556B8,ACC-68388B2BFBB7,2545.68,INR,2025-11-08T20:32:51.559491,purchase,Paris,desktop,False
TXN-B1E22C2B094E,ACC-1B7A3DB37A35,ACC-D10D840A67C0,2142.22,INR,2025-11-09T21:22:27.319162,transfer,San Francisco,desktop,False
TXN-5388D8D1C26D,ACC-ABEB40DAABA8,ACC-BBCD51C5C267,2260.92,JPY,2025-11-10T15:21:09.417676,deposit,Tokyo,desktop,False
TXN-CA8343BDD4CA,ACC-BE5A7F8ED837,ACC-82A00B8895F7,2554.74,EUR,2025-11-10T19:27:39.919888,transfer,Seoul,tablet,False
TXN-E18859D360C9,ACC-26A9A0FB1F2F,ACC-BFDE934B69B8,1779.65,CAD,2025-11-11T01:21:56.274847,transfer,Mumbai,tablet,False
TXN-818B09DADD11,ACC-2FFC1CA4D812,ACC-58D449DA1FB9,2563.42,EUR,2025-11-11T06:32:47.752843,withdrawal,Singapore,tablet,False
TXN-012DAA91F6B3,ACC-B1D6D98EA657,ACC-AD1E15601456,2312.8,JPY,2025-11-12T01:49:03.150018,withdrawal,London,desktop,False
TXN-0FDAE5985C2C,ACC-9E6813D61AD8,ACC-3B678A0B56BD,2516.62,USD,2025-11-12T08:51:08.339089,transfer,Hong Kong,desktop,False
TXN-4EAE6CE554FF,ACC-D09ACB3A3A1F,ACC-42DA44FA5EB6,2692.79,CAD,2025-11-12T22:49:08.972211,transfer,Berlin,tablet,False
TXN-1DC3B120A653,ACC-2D9237AD1651,ACC-57E7B8B3F24B,2110.71,INR,2025-11-13T12:33:49.143435,deposit,Chicago,desktop,False
TXN-C881E1285293,ACC-1A74CD277812,ACC-ABEB40DAABA8,2127.22,AUD,2025-11-13T20:03:19.049458,purchase,San Francisco,tablet,False
TXN-3C33A514C3CA,ACC-4FF95E620F96,ACC-1C5C7E87DADF,1634.48,INR,2025-11-14T03:32:33.207065,payment,Sydney,desktop,False
TXN-45153399FFA3,ACC-B1D6D98EA657,ACC-70FD40D19205,3571.54,AUD,2025-11-14T09:30:19.876519,withdrawal,Dubai,desktop,False
TXN-AD1043803343,ACC-2FFC1CA4D812,ACC-D09ACB3A3A1F,2390.74,EUR,2025-11-14T19:14:06.398579,withdrawal,Paris,tablet,False
TXN-3AD9828CF11F,ACC-3B6F85E91B4F,ACC-B69B305D23D3,2600.36,GBP,2025-11-15T08:22:06.594811,purchase,Sydney,tablet,False
TXN-FF2594C637F6,ACC-F9AC92C85C3D,ACC-F2A545DE21EA,3043.92,JPY,2025-11-16T11:40:58.041473,withdrawal,Berlin,desktop,False
TXN-8B944B44778A,ACC-ABEB40DAABA8,ACC-1218E6A61F27,2094.22,GBP,2025-11-18T19:26:58.869522,payment,Seoul,desktop,False
TXN-0F59C5AD9A5B,ACC-1A74CD277812,ACC-F9AC92C85C3D,1733.91,CAD,2025-11-18T22:07:56.213342,transfer,San Francisco,tablet,False
TXN-480934A3DC06,ACC-B1D6D98EA657,ACC-77BA4A4B76E5,2341.93,JPY,2025-11-19T07:00:43.873715,payment,Singapore,tablet,False
TXN-46B61C3904C5,ACC-19293BB8E0A1,ACC-3BA0958A5893,2804.7,EUR,2025-11-21T21:50:40.762808,withdrawal,Chicago,tablet,False
TXN-5CFC1A8428E4,ACC-9FCC8BC90DA7,ACC-C75B8AC84BBD,3222.59,CAD,2025-11-22T19:15:44.664349,purchase,Tokyo,tablet,False
TXN-D11F5FFFBC34,ACC-BA215E6002AF,ACC-3BA0958A5893,2116.16,GBP,2025-11-23T05:47:15.545790,payment,São Paulo,tablet,False
TXN-F5D683EB7571,ACC-3BA0958A5893,ACC-71DA0D1DCDC5,3429.95,CAD,2025-11-23T08:25:44.382246,purchase,Sydney,tablet,False
TXN-F2D3C9246721,ACC-295D54B6E2F6,ACC-68388B2BFBB7,2468.24,INR,2025-11-23T13:37:20.420198,payment,Singapore,desktop,False
TXN-479F398942AE,ACC-42DA44FA5EB6,ACC-39BB58F9B5A5,2037.85,CAD,2025-11-24T16:43:39.287211,payment,Sydney,desktop,False
TXN-B6A5490D3216,ACC-E9B284A64F1D,ACC-CDCEE5012D59,2136.8,INR,2025-11-24T22:11:54.858954,refund,Mumbai,tablet,False
TXN-F4B5489F49C1,ACC-F9AC92C85C3D,ACC-2FFC1CA4D812,2337.43,EUR,2025-11-25T10:17:44.638871,transfer,Chicago,desktop,False
TXN-47B763D1C62D,ACC-1A74CD277812,ACC-71DA0D1DCDC5,2952.82,USD,2025-11-26T01:40:42.653689,purchase,Paris,tablet,False
TXN-74282D38F738,ACC-57E7B8B3F24B,ACC-BA215E6002AF,2607.47,USD,2025-11-26T13:16:24.163590,purchase,Dubai,tablet,False
TXN-B9C1593AD91F,ACC-C688DD470D56,ACC-9FCC8BC90DA7,2594.26,CAD,2025-11-27T17:38:51.505246,payment,Paris,tablet,False
TXN-105AE4185DE5,ACC-990F766A9B56,ACC-B1A73D149F53,1921.31,AUD,2025-11-27T21:25:57.451332,refund,Singapore,tablet,False
TXN-D1587C82F826,ACC-BE5A7F8ED837,ACC-5CA532FA70E8,2542.89,AUD,2025-11-28T10:36:12.126702,refund,Tokyo,desktop,False
TXN-162E2FF0D2B4,ACC-9569D0D6B0A9,ACC-B14C99796F1B,1291.76,EUR,2025-11-29T04:59:12.469695,deposit,Mumbai,tablet,False
TXN-526097FFD814,ACC-A7300C11CB03,ACC-65B7A1D7D54C,2211.44,GBP,2025-11-30T18:50:55.533365,deposit,Sydney,tablet,False
TXN-BB2AD2816C65,ACC-5A345063FF84,ACC-C1B64F0CCD73,2331.89,AUD,2025-12-01T04:39:39.645892,transfer,Toronto,tablet,False
TXN-0943C04C5BE7,ACC-AA41550852D8,ACC-9D2AD1BBD26D,1780.59,GBP,2025-12-01T11:25:46.866499,withdrawal,San Francisco,desktop,False
TXN-1E6BBBF71453,ACC-DEC77EA556B8,ACC-598F42B0A663,2154.33,USD,2025-12-01T18:36:54.100515,transfer,Seoul,tablet,False
TXN-4F08D14048A1,ACC-BA6135ED025C,ACC-3B678A0B56BD,2873.66,EUR,2025-12-03T12:56:56.999026,payment,San Francisco,desktop,False
TXN-3DDAB55B1F09,ACC-ECFA981847BA,ACC-DEC77EA556B8,2834.97,AUD,2025-12-04T16:53:20.186466,refund,Tokyo,tablet,False
TXN-0EE350F187B1,ACC-AA41550852D8,ACC-75CC851B7571,1808.26,EUR,2025-12-05T14:47:52.548555,transfer,Dubai,tablet,False
TXN-A7B7E800971A,ACC-9E6813D61AD8,ACC-25E39AD3B2C7,2425.87,INR,2025-12-08T03:56:10.296568,purchase,Mumbai,tablet,False
TXN-06E639C419F0,ACC-9E6813D61AD8,ACC-9CB004C3F622,2780.18,AUD,2025-12-12T11:26:14.242339,payment,New York,tablet,False
TXN-3FA51A173D08,ACC-C3CB8B26F521,ACC-BE5A7F8ED837,2510.04,AUD,2025-12-12T15:06:09.051165,withdrawal,Sydney,tablet,False
TXN-2BF1AA3F5ED1,ACC-58D449DA1FB9,ACC-C688DD470D56,2771.33,USD,2025-12-13T00:10:48.037928,transfer,London,tablet,False
TXN-C10B880122F8,ACC-BC833AB3E5AC,ACC-E7549B4329A3,2259.32,GBP,2025-12-13T11:01:43.894079,deposit,Singapore,desktop,False
TXN-EC527E717553,ACC-A46CF3C33574,ACC-1A74CD277812,2646.54,USD,2025-12-14T21:20:45.368816,transfer,Paris,tablet,False
TXN-B80C32148E10,ACC-57E7B8B3F24B,ACC-5BAE6F54A299,2621.31,CAD,2025-12-14T21:51:28.465067,transfer,Mumbai,tablet,False
TXN-70DFC641C2EE,ACC-70FD40D19205,ACC-0EE0C4936D8F,1888.6,CAD,2025-12-17T07:47:15.023054,deposit,San Francisco,desktop,False
TXN-82AB35747F24,ACC-1218E6A61F27,ACC-B1D6D98EA657,2939.48,EUR,2025-12-18T03:39:36.976582,withdrawal,Toronto,tablet,False
TXN-3E1A64CF034D,ACC-403D53FAEC8C,ACC-6C91C42C05F4,2198.94,GBP,2025-12-19T10:50:52.822852,purchase,Toronto,desktop,False
TXN-5097217D2E35,ACC-C75B8AC84BBD,ACC-A7300C11CB03,3727.69,CAD,2025-12-19T16:17:10.168740,refund,Mumbai,desktop,False
TXN-BB21BFEA821E,ACC-1A0445D0FB59,ACC-403D53FAEC8C,2521.63,JPY,2025-12-19T18:48:59.065421,refund,Hong Kong,desktop,False
TXN-CBDDE501BDC9,ACC-77BA4A4B76E5,ACC-0C7A27097101,3890.78,JPY,2025-12-19T20:33:49.181214,refund,New York,tablet,False
TXN-950DD20BD3D7,ACC-5CA532FA70E8,ACC-1A74CD277812,2195.94,INR,2025-12-21T14:10:01.088659,deposit,New York,tablet,False
TXN-2497E9400E5D,ACC-9E6813D61AD8,ACC-85D90ACB734C,2786.29,EUR,2025-12-22T22:48:39.331438,withdrawal,Toronto,tablet,False
TXN-57CE968F24F8,ACC-02A8727EE804,ACC-68388B2BFBB7,1969.77,AUD,2025-12-23T04:48:21.019387,transfer,Chicago,tablet,False
TXN-F33BBA67CE4F,ACC-5A345063FF84,ACC-5CA532FA70E8,2667.55,JPY,2025-12-23T22:57:52.091971,transfer,Hong Kong,desktop,False
TXN-5AFEDEF1262F,ACC-70FD40D19205,ACC-5FAFD55CEC01,3023.63,EUR,2025-12-24T03:41:21.252168,withdrawal,Chicago,tablet,False
TXN-A428F697C9ED,ACC-0A7B3213D452,ACC-187D2C839C3E,2843.12,GBP,2025-12-24T14:02:55.866555,refund,Singapore,desktop,False
TXN-55FB2CF29C82,ACC-C7F037F1B7F7,ACC-AA41550852D8,2491.95,EUR,2025-12-25T20:46:39.291109,purchase,Dubai,tablet,False
TXN-056CE2E09922,ACC-1460F4A366EF,ACC-E7549B4329A3,2751.58,INR,2025-12-26T07:02:41.497186,withdrawal,Mumbai,tablet,False
TXN-CD567DC20933,ACC-1C5C7E87DADF,ACC-1B7A3DB37A35,2704.94,INR,2025-12-26T12:45:58.466892,purchase,Hong Kong,desktop,False
TXN-840B1932FAFD,ACC-23A77D97A485,ACC-75CC851B7571,3065.12,INR,2025-12-26T17:57:56.642026,withdrawal,London,tablet,False
TXN-D9EDA191D3BB,ACC-B1D6D98EA657,ACC-63BA6A231AFF,2771.29,EUR,2025-12-28T18:28:49.623837,payment,Berlin,tablet,False
TXN-491AB805EB73,ACC-BE5A7F8ED837,ACC-E96EAE3C9E0A,1951.37,GBP,2025-12-28T20:13:55.413194,payment,Berlin,tablet,False
TXN-B78067DBB26C,ACC-E7549B4329A3,ACC-23A77D97A485,2556.23,EUR,2025-12-28T20:59:48.691653,refund,Berlin,tablet,False
TXN-59136B317710,ACC-71C0AD57EA41,ACC-02A8727EE804,2467.81,EUR,2025-12-30T08:03:44.268385,withdrawal,Chicago,tablet,False
TXN-CA5F1BF83113,ACC-82A00B8895F7,ACC-5CA532FA70E8,2673.03,CAD,2025-12-30T11:12:22.825589,refund,Chicago,tablet,False
TXN-9750BF4A9AB9,ACC-02A8727EE804,ACC-390CAD45FB11,2490.66,INR,2025-12-30T17:33:46.814218,withdrawal,Singapore,tablet,False
TXN-6D009B763BB4,ACC-65B7A1D7D54C,ACC-4F647C05EF0E,2123.85,AUD,2025-12-30T19:40:28.983756,transfer,Paris,desktop,False
TXN-91BAB6AA1541,ACC-42511A54BC33,ACC-CDCEE5012D59,2657.27,GBP,2025-12-30T20:49:54.686116,deposit,Paris,desktop,False
TXN-91F44ED6D86E,ACC-4F647C05EF0E,ACC-BA215E6002AF,2651.14,USD,2025-12-31T09:36:53.698882,withdrawal,São Paulo,tablet,False
TXN-B1C006D5C496,ACC-0C7A27097101,ACC-CDCEE5012D59,2684.25,USD,2026-01-01T00:53:30.190686,purchase,London,tablet,False
TXN-1CDB9C164E01,ACC-9E6813D61AD8,ACC-C012AB9FC96A,2528.0,JPY,2026-01-01T00:56:05.073507,purchase,San Francisco,tablet,False
TXN-95138DB497C2,ACC-85D18CCEBD99,ACC-87C3CDC2B865,2826.62,EUR,2026-01-01T08:58:22.642828,purchase,São Paulo,desktop,False
TXN-9DE4F7ABA886,ACC-87C3CDC2B865,ACC-444B61D23EC5,2093.74,INR,2026-01-01T09:56:07.896579,refund,Dubai,desktop,False
TXN-C79550E423EF,ACC-DEC77EA556B8,ACC-157366500E6E,2253.27,INR,2026-01-02T05:09:33.495581,refund,Tokyo,tablet,False
TXN-251D8D440580,ACC-B6BEDFAE7BF1,ACC-6C91C42C05F4,2035.9,JPY,2026-01-02T09:17:04.632260,refund,Tokyo,tablet,False
TXN-BA6CDB784BDD,ACC-D09ACB3A3A1F,ACC-1C9C110D3A8B,2292.23,JPY,2026-01-02T09:33:19.335593,payment,Paris,tablet,False
TXN-112BC7597343,ACC-2DDB04353BC3,ACC-DEC77EA556B8,2882.95,GBP,2026-01-02T20:07:08.195547,payment,Toronto,desktop,False
TXN-3FD9657F1490,ACC-58D449DA1FB9,ACC-3DE9BDEFE3FF,3013.41,CAD,2026-01-03T13:01:59.192014,withdrawal,Chicago,tablet,False
TXN-D0C29E80B8DD,ACC-2D9237AD1651,ACC-187D2C839C3E,2674.13,AUD,2026-01-07T04:43:00.345841,purchase,Tokyo,tablet,False
TXN-0ABBBC69A085,ACC-A89CD2F6FE3F,ACC-FCC2112B960E,2283.39,INR,2026-01-07T17:43:54.760157,payment,Sydney,tablet,False
TXN-ED9EF64CF8AA,ACC-B14C99796F1B,ACC-3B6F85E91B4F,2433.35,AUD,2026-01-08T02:12:30.999909,withdrawal,New York,tablet,False
TXN-805478C61C87,ACC-E9D1445E7EB0,ACC-137498F057B4,3210.14,USD,2026-01-08T10:03:17.490795,transfer,Berlin,tablet,False
TXN-BEE43D653219,ACC-C012AB9FC96A,ACC-B6BEDFAE7BF1,2621.45,AUD,2026-01-09T16:14:21.385268,withdrawal,São Paulo,tablet,False
TXN-32764253BA74,ACC-9569D0D6B0A9,ACC-B69B305D23D3,2362.65,CAD,2026-01-10T00:52:37.229607,deposit,Toronto,tablet,False
TXN-873CA82500DD,ACC-ABEB40DAABA8,ACC-02A8727EE804,2798.76,GBP,2026-01-10T15:53:40.025447,refund,Hong Kong,tablet,False
TXN-CDBFADB8AA04,ACC-42DA44FA5EB6,ACC-9E6813D61AD8,2881.13,JPY,2026-01-11T04:45:21.403703,deposit,São Paulo,desktop,False
TXN-01CF2ABA4C26,ACC-39BB58F9B5A5,ACC-CB33769EF93A,3467.08,EUR,2026-01-11T15:25:42.828106,purchase,Singapore,tablet,False
TXN-C60A7AB3CC2B,ACC-2FFC1CA4D812,ACC-42DA44FA5EB6,3797.28,USD,2026-01-11T22:04:08.888858,payment,Hong Kong,desktop,False
TXN-18F03A60BB9D,ACC-63BA6A231AFF,ACC-75CC851B7571,3124.05,GBP,2026-01-14T14:58:40.071181,refund,Singapore,tablet,False
TXN-8E7BA1537540,ACC-D09ACB3A3A1F,ACC-2DDB04353BC3,2662.99,USD,2026-01-15T06:00:32.318320,purchase,Dubai,tablet,False
TXN-6D7FA406B18C,ACC-403D53FAEC8C,ACC-541F7D4B0C73,2813.6,USD,2026-01-16T05:43:02.758147,payment,San Francisco,tablet,False
TXN-004BAD9C1452,ACC-39BB58F9B5A5,ACC-ECFA981847BA,1788.5,USD,2026-01-16T23:17:55.461505,transfer,Paris,tablet,False
TXN-087CD0903ADF,ACC-68388B2BFBB7,ACC-3B6F85E91B4F,2761.18,USD,2026-01-17T13:35:35.958665,payment,Sydney,desktop,False
TXN-1DA0E3C23AF4,ACC-08AE64550B97,ACC-1C9C110D3A8B,2774.51,EUR,2026-01-18T00:11:05.749512,refund,Berlin,tablet,False
TXN-5FB20072C6A9,ACC-C844A39631A8,ACC-137498F057B4,2311.52,EUR,2026-01-18T01:38:13.092093,purchase,Chicago,desktop,False
TXN-AC1C0A15D084,ACC-B6BEDFAE7BF1,ACC-D10D840A67C0,1734.95,AUD,2026-01-18T19:45:39.139894,transfer,Toronto,tablet,False
TXN-436E8C052576,ACC-75CC851B7571,ACC-85D18CCEBD99,2226.29,EUR,2026-01-20T09:17:21.389608,withdrawal,Singapore,tablet,False
TXN-34C63083E1BF,ACC-1812DD4FF814,ACC-A66169601F60,2424.46,EUR,2026-01-20T10:25:11.380846,refund,Sydney,tablet,False
TXN-2B79323B2F4B,ACC-C688DD470D56,ACC-0EE0C4936D8F,2506.25,EUR,2026-01-22T07:43:49.925136,transfer,Toronto,tablet,False
TXN-7E31797D21A2,ACC-D50618B0F5A0,ACC-403D53FAEC8C,1778.14,INR,2026-01-22T08:05:59.807344,refund,Hong Kong,tablet,False
TXN-0857EF8734A6,ACC-2BC6B7554D17,ACC-390CAD45FB11,1937.18,AUD,2026-01-23T03:49:53.608628,withdrawal,London,tablet,False
TXN-4B3EC4032227,ACC-157366500E6E,ACC-65B7A1D7D54C,2613.09,GBP,2026-01-23T22:53:18.716050,payment,Berlin,desktop,False
TXN-7290CF4EB02D,ACC-C75B8AC84BBD,ACC-71DA0D1DCDC5,2096.79,AUD,2026-01-25T04:05:26.657551,withdrawal,Toronto,tablet,False
TXN-0564F7C0DBC0,ACC-0EE0C4936D8F,ACC-E96EAE3C9E0A,1856.28,EUR,2026-01-25T09:41:24.678088,purchase,Dubai,desktop,False
TXN-4B647A6363EB,ACC-2A1068F55BB2,ACC-1C5C7E87DADF,2670.5,GBP,2026-01-26T09:34:45.124182,purchase,Tokyo,tablet,False
TXN-58B05A667E09,ACC-7DE8470BFFF6,ACC-A66169601F60,2014.32,USD,2026-01-27T09:10:46.919693,deposit,Mumbai,tablet,False
TXN-C3C286A37832,ACC-1B7A3DB37A35,ACC-87C3CDC2B865,3437.72,GBP,2026-01-27T09:23:22.148647,refund,San Francisco,tablet,False
TXN-5964136AB9DE,ACC-990F766A9B56,ACC-A7300C11CB03,2215.86,CAD,2026-01-27T09:45:34.364687,deposit,Paris,tablet,False
TXN-0DDF05639ED3,ACC-8B7D41E6AB28,ACC-C688DD470D56,2947.87,GBP,2026-01-28T04:32:47.114014,payment,Seoul,tablet,False
TXN-E25E6D75930C,ACC-390CAD45FB11,ACC-1218E6A61F27,2835.58,CAD,2026-01-28T05:20:54.464793,withdrawal,Mumbai,tablet,False
TXN-146D185E3701,ACC-63BA6A231AFF,ACC-295D54B6E2F6,1993.93,JPY,2026-01-29T03:39:45.380601,deposit,Mumbai,tablet,False
TXN-542FDBDAF6A0,ACC-F7D04267502F,ACC-B1A73D149F53,2154.99,USD,2026-01-30T14:52:26.887185,transfer,Singapore,tablet,False
TXN-62975EA4B499,ACC-77BA4A4B76E5,ACC-02A8727EE804,2319.76,INR,2026-01-31T17:48:54.306043,deposit,Tokyo,desktop,False
TXN-3A41397BB935,ACC-57E7B8B3F24B,ACC-46F955B0195C,2229.53,INR,2026-02-01T03:01:19.323014,deposit,London,tablet,False
TXN-17211068CB3B,ACC-091935AF16F1,ACC-21B04A63607B,1814.03,AUD,2026-02-01T08:33:46.497053,deposit,Chicago,desktop,False
TXN-D99DA5505D1D,ACC-AD1E15601456,ACC-C688DD470D56,2183.67,GBP,2026-02-02T09:37:38.320593,transfer,Toronto,tablet,False
TXN-4472EB1FD923,ACC-56387661A9EE,ACC-1812DD4FF814,1892.17,USD,2026-02-02T16:30:48.324921,payment,Toronto,desktop,False
TXN-1CEFB2F71643,ACC-091935AF16F1,ACC-C1B64F0CCD73,650.65,GBP,2026-02-03T00:11:30.228879,transfer,São Paulo,desktop,True
TXN-BFCC728CE054,ACC-9F63507BBA39,ACC-75CC851B7571,71.89,INR,2026-02-03T00:13:22.228879,withdrawal,Hong Kong,tablet,True
TXN-4C5151C1A8D9,ACC-0EE0C4936D8F,ACC-2D9237AD1651,184.21,AUD,2026-02-03T00:19:10.228879,transfer,Toronto,POS,True
TXN-ED0480BC4942,ACC-AD1E15601456,ACC-0EE0C4936D8F,1569.47,USD,2026-02-03T00:26:57.228879,transfer,Mumbai,desktop,True
TXN-9CC1C12A8AB8,ACC-0C7A27097101,ACC-4F647C05EF0E,864.72,JPY,2026-02-03T00:33:45.228879,transfer,Toronto,mobile,True
TXN-3E29C6FD1462,ACC-ECFA981847BA,ACC-E9D1445E7EB0,532.8,GBP,2026-02-03T01:12:30.228879,withdrawal,Mumbai,tablet,True
TXN-CD6CB988AFC4,ACC-091935AF16F1,ACC-C1B64F0CCD73,182.61,EUR,2026-02-03T01:18:01.228879,transfer,Hong Kong,desktop,True
TXN-AB425C8961F6,ACC-B6BEDFAE7BF1,ACC-7D6C9E73388F,545.17,GBP,2026-02-03T02:10:23.228879,withdrawal,Paris,ATM,True
TXN-706DEAAE7CF7,ACC-091935AF16F1,ACC-C1B64F0CCD73,315.2,USD,2026-02-03T02:12:07.228879,withdrawal,San Francisco,ATM,True
TXN-67DF1AA3DECA,ACC-091935AF16F1,ACC-C1B64F0CCD73,493.2,AUD,2026-02-03T02:48:35.228879,withdrawal,Toronto,POS,True
TXN-097CF33F45F1,ACC-091935AF16F1,ACC-C1B64F0CCD73,260.61,INR,2026-02-03T02:55:09.228879,withdrawal,Singapore,ATM,True
TXN-9617C2F83333,ACC-5AAE64595A74,ACC-E7549B4329A3,560.55,AUD,2026-02-03T03:05:33.228879,transfer,São Paulo,ATM,True
TXN-1798E80298F2,ACC-091935AF16F1,ACC-C1B64F0CCD73,1326.98,GBP,2026-02-03T03:13:57.228879,transfer,Sydney,mobile,True
TXN-CA455C86EF72,ACC-091935AF16F1,ACC-C1B64F0CCD73,190.52,GBP,2026-02-03T03:14:43.228879,withdrawal,Tokyo,mobile,True
TXN-DA122432A643,ACC-091935AF16F1,ACC-C1B64F0CCD73,141.42,AUD,2026-02-03T03:20:28.228879,transfer,Seoul,POS,True
TXN-6660BCD1286D,ACC-2BC6B7554D17,ACC-E96EAE3C9E0A,1682.08,INR,2026-02-03T03:28:58.228879,transfer,Tokyo,ATM,True
TXN-ED963A789133,ACC-091935AF16F1,ACC-C1B64F0CCD73,64.82,USD,2026-02-03T04:03:49.228879,transfer,Tokyo,tablet,True
TXN-D4D08546EB51,ACC-85D90ACB734C,ACC-3A82C2094B3D,80.63,AUD,2026-02-03T04:18:50.228879,withdrawal,Paris,mobile,True
TXN-D4E8AA3833A5,ACC-1A74CD277812,ACC-1218E6A61F27,315.92,EUR,2026-02-03T04:28:22.228879,withdrawal,Tokyo,ATM,True
TXN-354F1D72E8B8,ACC-D50618B0F5A0,ACC-5BAE6F54A299,3195.57,CAD,2026-02-03T04:56:55.228879,transfer,Hong Kong,POS,True
TXN-B71357421654,ACC-091935AF16F1,ACC-C1B64F0CCD73,211.97,CAD,2026-02-03T05:00:28.228879,withdrawal,Tokyo,POS,True
TXN-E361A116B68E,ACC-091935AF16F1,ACC-C1B64F0CCD73,190.27,USD,2026-02-03T05:44:18.228879,transfer,Hong Kong,ATM,True
TXN-071B495FD678,ACC-BA6135ED025C,ACC-598F42B0A663,9083.84,USD,2026-02-03T05:51:19.228879,transfer,Mumbai,ATM,True
TXN-DAE2371BA46A,ACC-23A77D97A485,ACC-0A7B3213D452,2698.6,USD,2026-02-04T09:18:01.017497,deposit,Toronto,tablet,False
TXN-700EA17BDFBB,ACC-68388B2BFBB7,ACC-BBCD51C5C267,2343.08,JPY,2026-02-04T11:49:12.924955,withdrawal,Chicago,tablet,False
TXN-00903F799B56,ACC-C1B64F0CCD73,ACC-73338483195C,2741.92,EUR,2026-02-04T13:46:03.085772,transfer,Seoul,tablet,False
TXN-5A2BA80D5BE8,ACC-1A74CD277812,ACC-BA215E6002AF,2540.42,AUD,2026-02-04T19:11:37.391648,purchase,Dubai,tablet,False
TXN-647FFAA12ABF,ACC-5A345063FF84,ACC-3BA0958A5893,2177.68,JPY,2026-02-05T20:45:20.663935,transfer,London,tablet,False
TXN-A671F7762ABF,ACC-87C3CDC2B865,ACC-1460F4A366EF,2257.77,JPY,2026-02-06T14:22:53.025424,payment,New York,tablet,False
TXN-ABF56929F705,ACC-187D2C839C3E,ACC-CAC724B991AC,2412.24,USD,2026-02-06T15:56:57.060076,deposit,Toronto,desktop,False
TXN-4A8D7ABAF9B4,ACC-77BA4A4B76E5,ACC-B69B305D23D3,1803.59,GBP,2026-02-09T05:23:05.938515,refund,Sydney,tablet,False
TXN-59BC5D579917,ACC-71DA0D1DCDC5,ACC-F6BDDC7E7E73,2909.33,USD,2026-02-09T14:53:31.650621,refund,Paris,tablet,False
TXN-A4DCDC8EBCAF,ACC-E6D2B008C36B,ACC-39BB58F9B5A5,2635.32,AUD,2026-02-10T06:26:32.919751,transfer,London,desktop,False
TXN-CF2760405CA2,ACC-B1A73D149F53,ACC-ABEB40DAABA8,2512.02,GBP,2026-02-10T11:14:32.122180,withdrawal,San Francisco,tablet,False
TXN-63F3C575A513,ACC-1B7A3DB37A35,ACC-3B6F85E91B4F,2189.66,EUR,2026-02-11T17:03:17.730378,refund,Dubai,tablet,False
TXN-0D465BB249AA,ACC-137498F057B4,ACC-2BC6B7554D17,2371.07,AUD,2026-02-11T17:26:37.292546,refund,San Francisco,tablet,False
TXN-379817CD468C,ACC-2A1068F55BB2,ACC-390CAD45FB11,2213.96,USD,2026-02-12T22:51:52.586413,withdrawal,Tokyo,desktop,False
TXN-6FBADF8CB3D3,ACC-6F122E0700FA,ACC-9E6813D61AD8,3696.04,EUR,2026-02-15T08:39:09.018392,refund,Dubai,tablet,False
TXN-6F66CF1228CF,ACC-29F7FAF12305,ACC-BFDE934B69B8,2219.97,JPY,2026-02-16T02:19:40.901260,transfer,Chicago,tablet,False
TXN-F31E25E90E1A,ACC-298893F22D66,ACC-F6BDDC7E7E73,2143.92,GBP,2026-02-17T11:43:17.314132,deposit,Toronto,tablet,False
TXN-9EE29D6CB7DE,ACC-C75B8AC84BBD,ACC-8B7D41E6AB28,3515.67,JPY,2026-02-18T22:18:56.224040,transfer,Chicago,desktop,False
TXN-5B127EB50C11,ACC-1C9C110D3A8B,ACC-1A74CD277812,1941.6,AUD,2026-02-19T04:25:25.070178,withdrawal,San Francisco,desktop,False
TXN-E915D0BEF38F,ACC-A7300C11CB03,ACC-990F766A9B56,2784.21,USD,2026-02-19T10:54:34.835496,purchase,New York,desktop,False
TXN-8AF2F6920D46,ACC-87C3CDC2B865,ACC-46F955B0195C,2387.7,AUD,2026-02-20T03:00:18.467108,withdrawal,Singapore,desktop,False
TXN-5EDD17468808,ACC-B6BEDFAE7BF1,ACC-F2A545DE21EA,2393.48,GBP,2026-02-21T02:20:36.224023,transfer,Toronto,tablet,False
TXN-0A02E779F8C8,ACC-157366500E6E,ACC-390CAD45FB11,2340.24,GBP,2026-02-23T08:16:21.481390,payment,Tokyo,desktop,False
TXN-F2F9AC3D8CDE,ACC-295D54B6E2F6,ACC-5AAE64595A74,1669.55,JPY,2026-02-24T06:08:21.070086,refund,Paris,desktop,False
TXN-A3469AD3D678,ACC-E7549B4329A3,ACC-3B678A0B56BD,3285.1,GBP,2026-02-25T15:32:20.126269,purchase,Paris,desktop,False
TXN-16DF533DE6E0,ACC-7D6C9E73388F,ACC-58D449DA1FB9,2577.37,JPY,2026-02-26T05:12:52.195591,deposit,São Paulo,tablet,False
TXN-36AE562C671C,ACC-77BA4A4B76E5,ACC-B14C99796F1B,2153.91,AUD,2026-02-26T13:52:51.548393,transfer,Tokyo,desktop,False
TXN-A3133170328F,ACC-25E39AD3B2C7,ACC-9CB004C3F622,2554.94,JPY,2026-03-01T02:20:46.125721,withdrawal,Singapore,desktop,False
TXN-542819AECF02,ACC-9B13981299A3,ACC-73338483195C,2773.88,INR,2026-03-01T08:56:11.455665,deposit,Berlin,desktop,False
TXN-3E69C7182651,ACC-5F17267FCEAE,ACC-3A82C2094B3D,2128.98,AUD,2026-03-02T01:20:39.687294,deposit,London,tablet,False
TXN-75589F47C0D3,ACC-87C3CDC2B865,ACC-BE5A7F8ED837,2565.86,JPY,2026-03-02T03:07:26.179810,withdrawal,London,tablet,False
TXN-325A132AF6D6,ACC-598F42B0A663,ACC-F7D04267502F,2218.38,EUR,2026-03-03T09:26:50.242677,transfer,Hong Kong,tablet,False
TXN-3EE15907FCD1,ACC-C1B64F0CCD73,ACC-21B04A63607B,2581.4,INR,2026-03-03T20:44:55.092043,withdrawal,Paris,tablet,False
TXN-7FC4D7A20EAD,ACC-5AAE64595A74,ACC-D8D4B325BA65,2573.94,CAD,2026-03-03T23:42:28.333450,deposit,Paris,desktop,False
TXN-400CA07F4E52,ACC-02A8727EE804,ACC-76BEEED0F7BA,2399.51,AUD,2026-03-04T00:34:09.353536,withdrawal,Chicago,tablet,False
TXN-3E6C4C91CFC1,ACC-F7D04267502F,ACC-5FAFD55CEC01,2803.1,USD,2026-03-04T00:37:50.845837,payment,London,desktop,False
TXN-E51A17C21C3F,ACC-73338483195C,ACC-DAC3D7D2CE30,2564.25,GBP,2026-03-04T04:28:34.004789,refund,London,desktop,False
TXN-A69D27A02D64,ACC-1C5C7E87DADF,ACC-71DA0D1DCDC5,3098.66,USD,2026-03-04T08:28:35.433729,transfer,Singapore,tablet,False
TXN-095E7D8B8B1A,ACC-2A1068F55BB2,ACC-26A9A0FB1F2F,3435.51,GBP,2026-03-04T09:36:47.594339,transfer,Tokyo,desktop,False
TXN-1101EBCE42EB,ACC-63BA6A231AFF,ACC-0EE0C4936D8F,3230.04,GBP,2026-03-05T20:44:55.892696,withdrawal,Chicago,tablet,False
TXN-7E7FC4BD9B38,ACC-B6BEDFAE7BF1,ACC-C1B64F0CCD73,2842.36,GBP,2026-03-06T18:30:58.872722,withdrawal,San Francisco,tablet,False
TXN-3556847643C4,ACC-3B6F85E91B4F,ACC-F4A1C77F9145,3175.6,CAD,2026-03-06T20:46:14.919200,deposit,London,tablet,False
